remix_artist,avg_popularity,track_name,popularity,release_date,main_artist
6th,3.5714285714285716,revenge - 6th remix - edit,5,2017-06-29,Art Of Fighters
wicked minds,3,your poison - wicked minds remix,0,2017-02-09,Art Of Fighters
wicked minds,3,your poison - wicked minds remix - edit,2,2017-02-09,Art Of Fighters
koozah,3.230769230769231,fuck you! - koozah remix,1,2014-06-04,Art Of Fighters
koozah,3.230769230769231,fuck you! - koozah remix - edit,2,2014-06-04,Art Of Fighters
meccano twins,3.5277777777777777,toxic hotel - meccano twins remix,3,2012-01-23,Art Of Fighters
tha playah,8.325,artwork - tha playah remix,10,2007-12-07,Art Of Fighters
ophidian,7.661016949152542,sinapse - ophidian remix,4,2007-12-07,Meccano Twins
adaro,11.857142857142858,greta is great (adaro remix) - hard bass 2018 liveset,4,2018-03-21,Activator
adaro,11.857142857142858,godd (adaro remix) - hard bass 2018 liveset,3,2018-03-21,Marco V
killshot,18.5,whiplashed (killshot remix) - hard bass 2018 liveset,5,2018-03-21,Adaro
adaro,11.857142857142858,the air i breathe - adaro remix,42,2022-10-26,Richard Durand
dr. peacock,31.095238095238095,touch a star - dr. peacock remix,32,2021-12-16,Adaro
phrantic,3.5,no time to sleep - phrantic remix,20,2021-08-19,Adaro
the machine,6,bring you the pain - the machine remix,13,2020-11-26,Adaro
adaro,11.857142857142858,wildfire - adaro remix,35,2020-07-24,Re-Style
vertile,37.45454545454545,flame up high - vertile remix,38,2020-01-17,Adaro
d-sturb,36.857142857142854,insane - d-sturb remix cut,10,2017-01-30,Regain
e-force,16.58823529411765,broken - e-force remix,29,2022-11-10,Regain
regain,11.717391304347826,breathe (regain remix),8,2016-11-09,Alpha²
korsakoff,15.514285714285714,blow up the speakers [mix cut] - korsakoff remix,14,2014-10-10,The Moon
nosferatu,11.03921568627451,the enemy - nosferatu remix,3,2013-03-22,Ruffneck
nosferatu,11.03921568627451,who is it? - nosferatu remix,4,2013-03-22,KnightVision
nosferatu,11.03921568627451,"now, who's in control? - nosferatu remix",4,2013-03-22,Phoenix
nosferatu,11.03921568627451,the holy kingdom - nosferatu remix,2,2013-03-22,Wedlock
nosferatu,11.03921568627451,evolution theory - nosferatu remix,2,2013-03-22,Wedlock
the outside agency,4.465116279069767,the wolves of creation - the outside agency remix,4,2013-03-22,Nosferatu
restrained,10.083333333333334,enemigo del estado - restrained remix,3,2016-11-10,Nosferatu
digital punk,10.352941176470589,swagger - digital punk remix,23,2022-05-18,Gunz For Hire
rebelion,24.63888888888889,armed & dangerous - rebelion remix,32,2021-11-04,Gunz For Hire
ncrypta,11.375,a storm is coming - ncrypta remix,24,2020-01-24,Gunz For Hire
broken minds,15.153846153846153,kings of the underground - broken minds remix,27,2022-09-30,Gunz For Hire
broken minds,15.153846153846153,eat this - broken minds remix,28,2019-05-30,Dr. Peacock
neox,3,apocalyptic - neox remix,1,2016-02-29,Broken Minds
broken minds,15.153846153846153,in the end - broken minds remix,33,2022-07-07,Anime
broken minds,15.153846153846153,the future - broken minds remix,25,2020-05-06,Kronos
restrained,10.083333333333334,this one is for you [mixed] - restrained remix,10,2019-05-24,Neophyte
ignite,5,fear the dogfight - ignite remix,10,2018-05-10,Anime
restrained,10.083333333333334,enemigo del estado - restrained remix edit,0,2016-12-16,Nosferatu
art of fighters,8.127659574468085,il clitoride - art of fighters remix edit,0,2016-12-16,The Sickest Squad
art of fighters,8.127659574468085,bass for your face - art of fighters remix edit,0,2016-12-16,Anime
koozah,3.230769230769231,hunting for your soul - koozah remix,8,2016-01-21,Anime
art of fighters,8.127659574468085,bass for your face - art of fighters remix,6,2016-01-21,Anime
the anunnaki,2,hands up (feat. tha suspect) - the anunnaki remix,6,2016-01-21,Anime
the sickest squad,5.3,detonate - the sickest squad remix,8,2016-01-21,Anime
broken minds,15.153846153846153,in the end - broken minds remix,33,2022-07-07,Anime
f. noize,11.857142857142858,bam bam - f. noize remix,26,2022-05-26,Anime
tears of fury,9.692307692307692,playing terror - tears of fury remix,28,2022-05-26,Anime
endymion,5,be a god #tih - endymion remix,4,2013-06-11,Anime
re-style,19.625,concentrate - re-style remix,7,2010-10-21,Anime
restrained,10.083333333333334,bitch! - restrained remix radio edit,2,2017-07-15,Bodyshock
tears of fury,9.692307692307692,i am death - tears of fury remix radio edit,0,2017-07-15,Bodyshock
crossfiyah,5.5,test my style - crossfiyah remix radio edit,0,2017-07-15,Bodyshock
koozah,3.230769230769231,the darkness - koozah remix radio edit,1,2017-07-15,Bodyshock
luxxer,0,search and destroy - luxxer remix radio edit,0,2017-07-15,Bodyshock
sefa,29.346153846153847,messed up - sefa remix,32,2018-03-02,Cyclon
sefa,29.346153846153847,muzika - sefa remix,59,2018-03-02,Dr. Peacock
sefa,29.346153846153847,nobody said it was easy - sefa remix,51,2022-03-31,Evil Activities
sefa,29.346153846153847,kingdom - sefa remix,34,2021-11-02,D-Block & S-te-Fan
sefa,29.346153846153847,get it crackin - sefa remix,53,2018-05-22,Re-Style
sefa,29.346153846153847,zoning (sefa remix),19,2017-09-15,Sylence
aggressive act,15,annihilation - aggressive act remix,39,2020-07-13,Malice
aggressive act,15,mutants - aggressive act remix,21,2019-08-26,Delete
aggressive act,15,destructive acts - aggressive act remix,14,2019-08-26,Malice
unkind,7.8,i'm a beast - unkind remix,10,2018-10-31,Malice
malice,15.416666666666666,tormento - malice remix,18,2018-10-31,Rooler
rooler,21.741935483870968,dictatorship - rooler remix,8,2018-10-31,Malice
rebelion,24.63888888888889,d.l.m - rebelion remix,14,2017-11-06,Malice
the sickest squad,5.3,fuck the system - the sickest squad remix,0,2015-12-18,Satronica
amnesys,6.809523809523809,fuck the system - amnesys remix,2,2015-12-18,Satronica
angerfist,19.504504504504503,fuck the system - angerfist remix,6,2015-10-23,Satronica
destructive tendencies,5.45,disproving god - destructive tendencies remix,2,2015-02-11,Dj Mad Dog
destructive tendencies,5.45,disproving god - destructive tendencies remix - edit,2,2015-02-11,Dj Mad Dog
dyro,5,welcome [mix cut] - dyro remix,7,2014-11-21,Bali Bandits
crypsis,8.386363636363637,anger [mix cut] - crypsis remix,4,2014-11-21,D-Block & S-te-Fan
dyro,5,welcome - dyro remix,0,2014-11-21,Bali Bandits
dyro,5,welcome - dyro remix,0,2014-11-14,Bali Bandits
crypsis,8.386363636363637,anger - crypsis remix edit,3,2014-11-14,D-Block & S-te-Fan
partyraiser,24.285714285714285,brainstomp - partyraiser remix,24,2021-08-30,Audiofreq
chain reaction,19.666666666666668,welcome to the future (chain reaction remix),1,2017-01-23,Audiofreq
gridkiller,18.5,motherfucking bassdrum - gridkiller remix,14,2020-06-26,Never Surrender
never surrender,17.272727272727273,i will have that power - never surrender remix edit,16,2018-11-30,Hard Creation
never surrender,17.272727272727273,coming home - never surrender remix,13,2018-05-04,The Viper
the outside agency,4.465116279069767,most broken - the outside agency remix,12,2023-01-26,Khaoz Engine
dolphin,3.3333333333333335,bloodflow - dolphin remix,1,2019-04-05,Khaoz Engine
stormtrooper,1,skanque (stormtrooper remix),1,2013-05-29,Krtm
tripped,1.951219512195122,skanque (tripped remix),3,2013-05-29,Krtm
angerfist,19.504504504504503,hardcore hooligan - angerfist remix,18,2019-12-14,Paul Elstak
destructive tendencies,5.45,skull dominion - destructive tendencies remix,8,2019-12-14,Rotterdam Terror Corps
the beatkrusher,1,proud to be hardcore - the beatkrusher remix,3,2019-12-14,Paul Elstak
the viper,9.23076923076923,still luv u more - the viper remix,29,2017-04-14,Paul Elstak
the viper,9.23076923076923,the promised land - the viper remix,32,2017-04-14,Paul Elstak
dj paul,20,drummachine - dj paul remix,7,2017-04-14,Bald Terror
wild motherfuckers,2.6666666666666665,thrillseeka - wild motherfuckers remix,15,2017-04-14,The Stunned Guys
the beatkrusher,1,proud to be hardcore (feat. firestone & mc ruffian) - the beatkrusher remix,7,2017-04-14,Paul Elstak
the beatkrusher,1,"blood, sweat & hardcore (feat. firestone & mc ruffian) - the beatkrusher remix",11,2017-04-14,DJ Paul
forze dj team,29.5,life is like a dance - forze dj team remix,11,1995-06-01,Paul Elstak
restrained,10.083333333333334,demons - restrained remix,43,2022-01-14,Paul Elstak
never surrender,17.272727272727273,angels deserve to die - never surrender remix,13,2018-12-21,Paul Elstak
re-style,19.625,handz up - re-style remix,15,2018-12-21,Paul Elstak
restrained,10.083333333333334,icon - restrained remix radio edit,5,2017-05-19,Paul Elstak
bloodfire,9.833333333333334,i wanna rave - bloodfire remix,6,2021-12-22,Encoder
bloodfire,9.833333333333334,oxygen - bloodfire remix,25,2021-01-28,Hackedface
ophidian,7.661016949152542,monster - ophidian remix,3,2013-11-15,AK Industry
ophidian,7.661016949152542,life from the other side - ophidian remix,3,2013-11-15,Dj Promo
the outside agency,4.465116279069767,formshift - the outside agency remix,3,2013-11-15,Ophidian
ophidian,7.661016949152542,industrial base - ophidian remix,2,2013-11-15,Angel
ophidian,7.661016949152542,particle physics - ophidian remix,5,2013-11-15,Miss Hysteria
ophidian,7.661016949152542,forgotten moments - ophidian remix - album version,10,2013-11-15,Lenny Dee
ophidian,7.661016949152542,chosen - ophidian remix,10,2022-06-03,DJ Hidden
ophidian,7.661016949152542,october - ophidian remix,8,2019-10-18,Treachery
neox,3,so many sacrifices - neox remix,4,2018-06-01,Ophidian
deathmachine,1.4655172413793103,destination underground - deathmachine remix,0,2013-04-05,Endymion
the anunnaki,2,bomb by bomb - the anunnaki remix,8,2016-09-27,The Sickest Squad
meccano twins,3.5277777777777777,re-vo-lu-tion - meccano twins remix,7,2016-09-27,The Sickest Squad
art of fighters,8.127659574468085,il clitoride - art of fighters remix,6,2016-09-27,The Sickest Squad
the braindrillerz,10,dominating - the braindrillerz remix,7,2016-09-27,Lenny Dee
the speed freak,0.5,i will find you - the speed freak remix,4,2021-12-15,The Sickest Squad
lowroller,0.6341463414634146,burn ur face - lowroller remix,0,2012,The Sickest Squad
furyan,11.185185185185185,breathless - furyan remix,0,2017-08-25,Miss K8
tommyknocker,5.678571428571429,to you who doubt me - tommyknocker remix,4,2013-02-22,Evil Activities
endymion,5,the way i am - endymion remix,6,2013-02-22,Evil Activities
neophyte & evil activities,7.5,exlxaxl - neophyte & evil activities remix,6,2013-02-22,Jappo
evil activities & endymion,7,alternate reality (qlimax anthem 2010) - evil activities & endymion remix,6,2013-02-22,Brennan Heart
tha playah,8.325,do you like bass - tha playah remix,6,2013-02-22,Evil Activities
evil activities,8.654545454545454,drunk with a gun - evil activities remix,14,2013-02-22,Endymion
evil activities,8.654545454545454,radikult - evil activities remix,2,2013-02-22,Evil Activities
tommyknocker,5.678571428571429,to you who doubt me [mix cut] - tommyknocker remix,9,2013-02-18,Evil Activities
neophyte & evil activities,7.5,exlxaxl [mix cut] - neophyte & evil activities remix - mix cut,9,2013-02-18,Jappo & Lancinhouse
evil activities & endymion,7,alternate reality (qlimax anthem 2010) [mix cut] - evil activities & endymion remix,7,2013-02-18,Brennan Heart
tha playah,8.325,do you like bass [mix cut] - tha playah remix,9,2013-02-18,Evil Activities
evil activities,8.654545454545454,drunk with a gun [mix cut] - evil activities remix,6,2013-02-18,Endymion
evil activities,8.654545454545454,radikult [mix cut] - evil activities remix,5,2013-02-18,Morbid Angel
neophyte & evil activities,7.5,alles naar de klote [mix cut] - neophyte & evil activities remix,25,2013-02-18,Euromasters
tha playah,8.325,never fall asleep - tha playah remix,8,2012-07-06,Evil Activities
tha playah,8.325,do you like bass - tha playah remix,6,2008-05-19,Evil Activities
sefa,29.346153846153847,nobody said it was easy - sefa remix,51,2022-03-31,Evil Activities
myst,10,vengeance - myst remix,20,2020-10-30,Endymion
wildstylez,18,broken (wildstylez remix),30,2018-06-12,Evil Activities
d-fence,22.26086956521739,alles kapot - d-fence remix,13,2016-08-11,Neophyte
tieum,0.359375,hardshock - tieum remix,0,2012-03-23,Evil Activities
endymion,5,what's inside me - endymion remix,0,2011-12-20,Evil Activities
noize suppressor,5.666666666666667,from cradle to grave - noize suppressor remix,1,2011-12-16,Evil Activities
restrained,10.083333333333334,release this beast - restrained remix,15,2018-08-16,Destructive Tendencies
destructive tendencies,5.45,wodka - destructive tendencies remix,11,2018-08-16,Da Tweekaz
sefa,29.346153846153847,release the kraken - sefa remix,49,2018-08-16,Destructive Tendencies
destructive tendencies,5.45,liar - destructive tendencies remix,12,2018-08-16,Anime
lady dammage,9.5,i'll let you have your day - lady dammage remix,1,2016-10-21,Destructive Tendencies
destructive tendencies,5.45,the 3rd wav - destructive tendencies remix,10,2022-02-17,3rdWav
wildstylez,18,broken - wildstylez remix,28,2018-06-20,Evil Activities
endymion,5,abduction - endymion remix,7,2018-06-20,Endymion
rebelion,24.63888888888889,gladiator - rebelion remix,26,2018-06-20,Endymion
dj mad dog,17.910714285714285,rock the part-e - dj mad dog remix,13,2018-06-20,Endymion
d-fence,22.26086956521739,pussy motherfuckerz - d-fence remix,51,2018-06-20,Endymion
endymion,5,imagine - endymion remix - album edit,6,2014-03-14,DJ D
endymion,5,weekend warriors (official defqon.1 2013 anthem) - endymion remix,3,2014-03-14,Endymion
the outside agency,4.465116279069767,raging in the dancehal - the outside agency remix - album edit,5,2014-03-14,Endymion
endymion,5,no more loop - endymion remix - album edit,1,2014-03-14,RoughSketch
furyan,11.185185185185185,make some noise - furyan remix- album edit,0,2014-03-14,Endymion
endymion,5,heavy medication - endymion remix - album edit,0,2014-03-14,Punx Soundcheck
endymion,5,heavy medication - endymion remix,2,2013-02-21,Punx Soundcheck
endymion,5,no more loop - endymion remix,0,2013-02-21,RoughSketch
evil activities,8.654545454545454,judge of darkness - evil activities remix,1,2000-06-01,Endymion
myst,10,vengeance - myst remix,20,2020-10-30,Endymion
kronos,1,antidote - kronos remix,17,2020-06-15,Ran-D
vertile,37.45454545454545,raging in the dancehall - vertile remix,32,2019-12-06,Endymion
endymion,5,save me - endymion remix,14,2018-09-07,Endymion
wildstylez,18,broken (wildstylez remix),30,2018-06-12,Evil Activities
edub,2.375,puta madre - edub remix,0,2016-01-14,Sandy Warez
krtm,1.5,we are in the dark - krtm remix,2,2012-09-03,Sandy Warez
korsakoff,15.514285714285714,let it bump - korsakoff remix,6,2011-09-12,The Viper
the viper,9.23076923076923,burning love 2011 - the viper remix,19,2011-09-12,Critical Mass
the viper,9.23076923076923,your smile - the viper remix,19,2011-09-12,Charly Lownoise
the viper,9.23076923076923,turn around - the viper remix,2,2011-09-12,Damage Inc.
korsakoff,15.514285714285714,let it bump - korsakoff remix - cd version,2,2011-09-12,The Viper
the viper,9.23076923076923,burning love 2011 - the viper remix - cd version,13,2011-09-12,Critical Mass
the viper,9.23076923076923,your smile - the viper remix - cd version,16,2011-09-12,Mental Theo
vertile,37.45454545454545,raging in the dancehall - vertile remix,32,2019-12-06,Endymion
never surrender,17.272727272727273,coming home - never surrender remix,13,2018-05-04,The Viper
coone,8.333333333333334,raging in the dancehall - coone remix,10,2013-06-13,Endymion
the outside agency,4.465116279069767,raging in the dancehall - the outside agency remix,5,2013-06-13,Endymion
the viper,9.23076923076923,burning love - the viper remix,13,2011-10-07,Critical Mass
tha playah,8.325,the prophecy unfolds - tha playah remix,6,2004-05-12,The Viper
korsakoff,15.514285714285714,blow up the speakers [mix cut] - korsakoff remix,14,2014-10-10,The Moon
state of emergency,14,pink noise - state of emergency remix,9,2012-12-07,Korsakoff
korsakoff,15.514285714285714,keep the vibes alive - korsakoff remix,12,2012-12-07,Re-Style
outblast,35.5,no more noctophobia - outblast remix,10,2012-12-07,Korsakoff
re-style,19.625,unrivalled - re-style remix edit,9,2012-12-07,Korsakoff
korsakoff,15.514285714285714,rattlebrain - korsakoff remix,9,2012-12-07,Razzle Dazzle Trax
angerfist,19.504504504504503,unleash the beast - angerfist remix,33,2010-04-19,Korsakoff
deadly guns,19.833333333333332,bad attitude - deadly guns remix,36,2020-01-27,Angerfist
broken minds,15.153846153846153,lyra - broken minds remix,53,2020-01-27,Korsakoff
blaster,6.466666666666667,asskicked - blaster remix,28,2020-01-27,Re-Style
korsakoff,15.514285714285714,revolt (official revolt 2019 anthem) - korsakoff remix,30,2019-05-03,Sub Sonik
hard driver,14.666666666666666,rock ya attitude - hard driver remix,12,2014-10-10,Psyko Punkz
hard driver,14.666666666666666,unlock the power - hard driver remix,4,2014-10-10,Da Tweekaz
fraw,24.25,imma boss - fraw remix,45,2020-09-11,Bloodlust
bloodlust,29.444444444444443,who's the boss - bloodlust remix,18,2019-11-28,Killshot
fraw,24.25,victim of society - fraw remix,15,2021-06-07,Krowdexx
fraw,24.25,imma boss - fraw remix,45,2020-09-11,Bloodlust
kronos,1,check out the drop (kronos remix),9,2020-10-12,Zatox
zatox,13.52112676056338,if it ain't dutch (zatox remix),10,2017-09-29,Armin van Buuren
zatox,13.52112676056338,infinity (zatox remix),47,2017-09-29,le Shuuk
kronos,1,check out the drop (kronos remix),9,2017-09-29,Zatox
zatox,13.52112676056338,beggars (zatox remix),0,2017-09-29,Krewella
wild motherfuckers,2.6666666666666665,thrillseeka (wild motherfuckers remix),8,2017-09-29,The Stunned Guys
zatox,13.52112676056338,infinity - zatox remix,1,2017-09-29,le Shuuk
kronos,1,check out the drop - kronos remix,0,2017-09-29,Zatox
zatox,13.52112676056338,satana - zatox remix,13,2014-11-14,Activator
zatox,13.52112676056338,no limit - zatox remix,0,2014-11-14,2 Unlimited
zatox,13.52112676056338,if it ain't dutch - zatox remix,5,2020-07-31,Armin van Buuren
ran-d,6.6,hard bass - ran-d remix,28,2019-02-15,Zatox
n-vitral,8,hardcore to the bone - n-vitral remix,1,2018-11-23,Masters of Ceremony
angerfist,19.504504504504503,one of these days - angerfist remix album edit,0,2013-12-18,Neophyte
neophyte,5.859154929577465,extreme terror - neophyte remix,8,2011-12-19,Dj Skinhead
the stunned guys,6.838709677419355,i will have that power - the stunned guys remix,10,2006-04-22,Neophyte
neophyte & evil activities,7.5,time to make a stand - neophyte & evil activities remix,1,2006-04-22,Neophyte
tha playah,8.325,neighbourhood crime - tha playah remix,1,2006-04-22,Neophyte
restrained,10.083333333333334,this one is for you - restrained remix,18,2019-04-12,Neophyte
never surrender,17.272727272727273,coming home - never surrender remix,13,2018-05-04,The Viper
restrained,10.083333333333334,icon - restrained remix radio edit,5,2017-05-19,Paul Elstak
d-fence,22.26086956521739,alles kapot - d-fence remix,13,2016-08-11,Neophyte
dither,8.45,serious damage - dither remix,10,2020-01-27,Promo
dither,8.45,namek - dither remix,24,2018-07-30,Wiwek
dither,8.45,attack - dither remix,5,2018-01-08,Unexist
sei2ure,0.9726027397260274,alien resistance - sei2ure remix,0,2015-09-07,Dither
ak-industry,1,crude - ak-industry remix,0,2013-05-10,Dither
fragz,1.037037037037037,mental transition - fragz remix,1,2019-09-09,NickBee
fragz,1.037037037037037,hammer house - fragz remix,12,2018-11-26,Cause4Concern
the outside agency,4.465116279069767,interloper - the outside agency remix,0,2019-02-15,Strange Arrival
dither,8.45,mind control - dither remix,2,2015-05-11,Igneon System
meander,7,extinction - meander remix,1,2015-05-11,Igneon System
switch technique,0.34444444444444444,identity relapse - switch technique remix,1,2015-05-11,Igneon System
the outside agency,4.465116279069767,sins - the outside agency remix,1,2015-05-11,Igneon System
detest,4.263888888888889,demons - detest remix,5,2015-05-11,Igneon System
n-vitral,8,crisis situation - n-vitral remix,2,2015-05-11,Igneon System
the dj producer,1.359375,the roughest - the dj producer remix,1,2015-04-27,Igneon System
aggressive act,15,annihilation - aggressive act remix,39,2020-07-13,Malice
aggressive act,15,violence - aggressive act remix,18,2019-11-12,Rooler
anderex,20.642857142857142,martyr - anderex remix,16,2019-11-12,Rooler
unkind,7.8,damnation - unkind remix,15,2019-11-12,Rooler
riot shift,20.714285714285715,extinguish - riot shift remix,19,2019-11-12,Rooler
sefa,29.346153846153847,domination - sefa remix,49,2019-11-12,Rooler
aggressive act,15,mutants - aggressive act remix,21,2019-08-26,Delete
aggressive act,15,destructive acts - aggressive act remix,14,2019-08-26,Malice
bloodlust,29.444444444444443,who's the boss - bloodlust remix,18,2019-11-28,Killshot
gridkiller,18.5,how i roll - gridkiller remix,2,2019-11-29,Restrained
restrained,10.083333333333334,demons - restrained remix,43,2022-01-14,Paul Elstak
destructive tendencies,5.45,concrete jungle - destructive tendencies remix,4,2020-02-14,Restrained
restrained,10.083333333333334,this one is for you - restrained remix,18,2019-04-12,Neophyte
bodyshock,4,what i want - bodyshock remix,1,2017-11-02,Restrained
partyraiser,24.285714285714285,brainstomp - partyraiser remix,24,2021-08-30,Audiofreq
sefa,29.346153846153847,monster - sefa remix,41,2018-08-03,Partyraiser
hardbouncer,0.3333333333333333,our power - hardbouncer remix,5,2014-03-18,Partyraiser
hard driver,14.666666666666666,the revelation - hard driver remix,10,2018-09-28,Digital Punk
killshot,18.5,whiplashed - killshot remix,7,2018-09-28,Adaro
clockartz,1,the last remaining light (clockartz remix),2,2016-10-11,Digital Punk
digital punk,10.352941176470589,bottoms up - digital punk remix radio edit,1,2016-10-11,Masters of Ceremony
public enemies,4.5,open the gates (public enemies remix),2,2016-10-11,Adaro
sub zero project,0,invasion (sub zero project remix),1,2016-10-11,Digital Punk
radical redemption,14.367088607594937,rest in hell (radical redemption remix),14,2016-10-11,Digital Punk
furyan,11.185185185185185,adapt or die (furyan remix),4,2016-10-11,Digital Punk
clockartz,1,the last remaining light - clockartz remix;radio edit,0,2016-10-11,Digital Punk
digital punk,10.352941176470589,bottoms up - digital punk remix;radio edit,0,2016-10-11,Masters of Ceremony
public enemies,4.5,open the gates - public enemies remix;radio edit,0,2016-10-11,Adaro
sub zero project,0,invasion - sub zero project remix;radio edit,0,2016-10-11,Digital Punk
radical redemption,14.367088607594937,rest in hell - radical redemption remix;radio edit,0,2016-10-11,Digital Punk
furyan,11.185185185185185,adapt or die - furyan remix;radio edit,0,2016-10-11,Digital Punk
digital punk,10.352941176470589,hardbass junkie - digital punk remix radio edit,0,2015-05-29,Brennan Heart
digital punk,10.352941176470589,the black demon [mix cut] - digital punk remix,1,2014-05-23,Radical Redemption
the machine,6,natural born killers [mix cut] - the machine remix,2,2014-05-23,Adaro
digital punk,10.352941176470589,lost in the mist - digital punk remix,26,2022-09-22,Crypsis
digital punk,10.352941176470589,swagger - digital punk remix,23,2022-05-18,Gunz For Hire
the machine,6,bring you the pain - the machine remix,13,2020-11-26,Adaro
digital punk,10.352941176470589,go f*ck yourself (digital punk remix),8,2020-08-03,Sub Sonik
kronos,1,my god - kronos remix,19,2020-07-22,E-Force
digital punk,10.352941176470589,paranoid - digital punk remix,22,2020-06-22,Ran-D
killshot,18.5,whiplashed - killshot remix;radio edit,0,2018-11-08,Adaro
hard driver,14.666666666666666,the revelation - hard driver remix;radio edit,0,2018-11-08,Digital Punk
krowdexx,15.28125,drop zone - krowdexx remix,9,2020-03-20,Andy the Core
radical redemption,14.367088607594937,brutal 6.0 - radical redemption remix,26,2020-12-11,Radical Redemption
digital punk,10.352941176470589,the resurrected soul - digital punk remix,10,2018-11-02,Radical Redemption
radical redemption,14.367088607594937,criminally insane - radical redemption remix,22,2017-11-04,Angerfist
radical redemption,14.367088607594937,chaos (radical redemption remix),18,2017-11-04,Donkey Rollers
rebelion,24.63888888888889,you with me (rebelion remix),11,2017-11-04,Radical Redemption
radical redemption,14.367088607594937,highest pressure - radical redemption remix,8,2017-11-04,Crypsis
radical redemption,14.367088607594937,rest in hell - radical redemption remix,9,2017-11-04,Digital Punk
radical redemption,14.367088607594937,fck on coc4ine - radical redemption remix,9,2017-11-04,Brennan Heart
minus militia,9.285714285714286,you don't know shit - minus militia remix,9,2017-11-04,Radical Redemption
radical redemption,14.367088607594937,criminal - radical redemption remix,11,2015-11-10,Act of Rage
act of rage,18.166666666666668,i spit on you - act of rage remix,9,2015-11-10,Radical Redemption
minus militia,9.285714285714286,god's child - minus militia remix,5,2015-11-10,Radical Redemption
radical redemption,14.367088607594937,masterblade - radical redemption remix,0,2015-11-10,Blademasterz
radical redemption,14.367088607594937,unforgettable - radical redemption remix,8,2015-11-10,Miss K8
minus militia,9.285714285714286,judge me - minus militia remix,5,2015-11-10,Radical Redemption
radical redemption,14.367088607594937,the 6th pathway - radical redemption remix,3,2012-01-28,Crypsis
radical redemption,14.367088607594937,high power - radical redemption remix,45,2022-12-22,D-Sturb
radical redemption,14.367088607594937,cannibal - radical redemption remix,46,2022-09-19,Angerfist
radical redemption,14.367088607594937,countdown - radical redemption remix,35,2021-11-19,TNT
tears of fury,9.692307692307692,who still cares? - tears of fury remix,25,2020-10-23,Angerfist
odium,25.7,repercussion - odium remix,27,2020-10-23,Angerfist
radical redemption,14.367088607594937,boss bitch - radical redemption remix,23,2019-06-26,Famke Louise
radical redemption,14.367088607594937,the desecrated - radical redemption remix,17,2018-10-12,Angerfist
cryogenic,15.157894736842104,angels deserve to die - cryogenic remix,4,2015-03-25,Paul Elstak
ressurectz,10.736842105263158,sacrifice - ressurectz remix,21,2022-02-28,Neroz
ressurectz,10.736842105263158,optics - ressurectz remix,14,2020-08-28,Scarra
ressurectz,10.736842105263158,g.o.d. - ressurectz remix,3,2018-02-28,Jack Of Sound
ressurectz,10.736842105263158,g.o.d. - ressurectz remix;radio edit,0,2018-02-28,Jack Of Sound
the sickest squad,5.3,heartbreak - the sickest squad remix,6,2017-08-01,Hallucinator
the sickest squad,5.3,heartbreak - the sickest squad remix - edit,9,2017-08-01,Hallucinator
cooh,0.34375,suicide - cooh remix,3,2011-12-20,Hallucinator
re-fuzz,0,crashing down - re-fuzz remix,19,2022-03-08,Zerberuz
yunke,9.9,bouncing freak - yunke remix,0,2022-03-08,Zerberuz
hardbouncer,0.3333333333333333,power of the darkisde - hardbouncer remix,0,2019-03-22,Iridium
yunke,9.9,maleviolence - yunke remix,1,2019-03-22,Iridium
berzärk,0.06666666666666667,wake up - berzärk remix,1,2022-09-27,Iridium
iridium,0.8269230769230769,kill you - iridium remix,1,2020-07-27,The Satan
chris one,8,the chief - chris one remix,0,2014-12-30,Wavolizer
dj thera,5,identify - dj thera remix,0,2009-02-23,Wavolizer
i:gor,1.4,power to distort - i:gor remix,1,2012-07-30,Counterstrike
deathmachine,1.4655172413793103,pentagram of coke - deathmachine remix,4,2016-06-24,The Hard Way
the outside agency,4.465116279069767,most broken - the outside agency remix,12,2023-01-26,Khaoz Engine
the outside agency,4.465116279069767,the raw universe - the outside agency remix,4,2022-06-03,DJ Hidden
the outside agency,4.465116279069767,ghost - the outside agency remix,3,2018-04-09,Katharsys
deathmachine,1.4655172413793103,the machinery of death - deathmachine remix,2,2016-09-16,The Outside Agency
detest,4.263888888888889,hours & dreams - detest remix,3,2016-09-16,The Outside Agency
pandorum,3.888888888888889,pretty much fucked - pandorum remix,3,2014-06-19,Endymion
radical redemption,14.367088607594937,highest pressure (radical redemption remix) - mix cut,14,2018-05-14,Crypsis
act of rage,18.166666666666668,furious (act of rage remix) - mix cut,10,2018-05-14,Crypsis
crypsis,8.386363636363637,the rush (crypsis remix) - mix cut,7,2018-05-14,Act of Rage
e-force,16.58823529411765,confronting reality (e-force remix) - mix cut,7,2018-05-14,Act of Rage
radical redemption,14.367088607594937,criminally insane (radical redemption remix) - mix cut,7,2018-05-14,Angerfist
act of rage,18.166666666666668,furious (act of rage remix) - radio edit,5,2016-09-26,Crypsis
brennan heart,0,break down low (brennan heart remix) - radio edit,11,2016-09-26,Crypsis
outbreak,1.75,lost in the mist - outbreak remix,2,2016-03-04,Crypsis
artifact,8,tuatara - artifact remix,2,2016-03-04,Crypsis
radical redemption,14.367088607594937,highest pressure - radical redemption remix radio edit,4,2016-03-04,Crypsis
outbreak,1.75,lost in the mist - outbreak remix radio edit,3,2016-03-04,Crypsis
artifact,8,tuatara - artifact remix radio edit,5,2016-03-04,Crypsis
radical redemption,14.367088607594937,the demand - radical redemption remix,2,2012-11-09,Crypsis
digital punk,10.352941176470589,lost in the mist - digital punk remix,26,2022-09-22,Crypsis
d-sturb,36.857142857142854,for your mind - d-sturb remix radio edit,8,2017-08-16,Crypsis
alpha²,1,get hit - alpha² remix edit,5,2017-01-30,Crypsis
alpha²,1,get hit (alpha² remix),24,2017-01-20,Crypsis
the machine,6,before the storm - the machine remix,1,2014-05-09,Crypsis
crypsis,8.386363636363637,bitch - crypsis remix,14,2013-10-17,Frequencerz
hard driver,14.666666666666666,fight for survival - hard driver remix,2,2013-10-17,Frequencerz
crypsis,8.386363636363637,struggle for existence - crypsis remix,3,2013-02-20,Ran-D & Adaro
dj thera,5,dust in your eyes - dj thera remix,1,2010-09-16,Crypsis
tripped,1.951219512195122,noise on the bass - tripped remix,0,2013-01-20,The Destroyer
sefa,29.346153846153847,vive la volta - sefa remix,43,2018-11-18,Dr. Peacock
repix,3.5,lost in space - repix remix,22,2018-11-18,Dr. Peacock
sefa,29.346153846153847,trip to italy - sefa remix,21,2016-12-09,Dr. Peacock
dr. peacock,31.095238095238095,touch a star - dr. peacock remix,32,2021-12-16,Adaro
meccano twins,3.5277777777777777,blacklist amok - meccano twins remix,7,2013-09-10,D-Passion
tieum,0.359375,tendrils of agony - tieum remix,5,2013-09-10,Meccano Twins
the sickest squad,5.3,inner side - the sickest squad remix,5,2013-09-10,Meccano Twins
meccano twins,3.5277777777777777,united by hardness - meccano twins remix,4,2013-09-10,The Stunned Guys
the punisher,0.4444444444444444,people make me sick - the punisher remix,0,2015-07-08,Meccano Twins
the punisher,0.4444444444444444,people make me sick - the punisher remix - edit,4,2015-07-08,Meccano Twins
the melodyst,5.2444444444444445,dissolution - the melodyst remix,5,2014-04-10,Meccano Twins
audiofreq,9.919354838709678,street fighter [mixed] - audiofreq remix,15,2019-07-22,Angerfist
the satan,7.62962962962963,send me to hell [mixed] - the satan remix),11,2019-07-22,Angerfist
the satan,7.62962962962963,screwface [mixed] - the satan remix,9,2019-07-22,Al Twisted
the satan,7.62962962962963,life blocker (the satan remix) - radio edit,9,2022-07-16,DJ Hidden
the satan,7.62962962962963,life blocker - the satan remix,5,2022-06-03,DJ Hidden
forbidden society,1.448,deathstar (forbidden society remix),2,2011-07-20,Counterstrike
cooh,0.34375,tear your soul apart (cooh remix) (feat. donny),0,2011-07-20,Counterstrike
sinister souls,2.4210526315789473,killing machine (sinister souls remix) (feat. spl & limewax),0,2011-07-20,Counterstrike
donny,0.5757575757575758,maniac (donny remix),5,2009-06-01,Counterstrike
counterstrike,0.7857142857142857,my fate - counterstrike remix,3,2022-04-08,Violence
counterstrike,0.7857142857142857,religious soldier (counterstrike remix),1,2021-12-24,SINthetik Messiah
donny,0.5757575757575758,mindfuck - donny remix,9,2018-08-24,Counterstrike
counterstrike,0.7857142857142857,teroma - counterstrike remix,2,2016-10-10,Cooh
audio,7,empire (audio remix),0,2013-06-19,Counterstrike
the outside agency,4.465116279069767,crowd surfer - the outside agency remix,3,2013-05-13,Counterstrike
donny,0.5757575757575758,war games - donny remix,2,2012-10-22,Unknown Error
gancher & ruin,5.392857142857143,drone - gancher & ruin remix,1,2012-04-23,Counterstrike
hallucinator,4.153846153846154,drone - hallucinator remix,0,2012-04-23,Counterstrike
katharsys,3.2857142857142856,the watchers - katharsys remix,1,2011-11-19,Donny
donny,0.5757575757575758,dark planet - donny remix,0,2019-07-27,Dylan
audio,7,medieval beating - audio remix,0,2019-07-27,Donny
donny,0.5757575757575758,inner world - donny remix,1,2019-07-19,Katharsys
katharsys,3.2857142857142856,swarm & multiply - katharsys remix,1,2019-07-19,Donny
forbidden society,1.448,wraith - forbidden society remix,0,2019-07-19,Donny
donny,0.5757575757575758,war games - donny remix,2,2012-10-22,Unknown Error
katharsys,3.2857142857142856,the watchers - katharsys remix,1,2011-11-19,Donny
current value,4.021621621621621,the forgotten - current value remix,2,2007-06-04,Donny
donny,0.5757575757575758,tunnel vision - donny remix,1,2007-06-04,Current Value
yoshiko,5,on en veut plus - yoshiko remix,25,2022-12-16,Roland Cristal
audiofreq,9.919354838709678,street fighter [mixed] - audiofreq remix,15,2019-07-22,Angerfist
the satan,7.62962962962963,send me to hell [mixed] - the satan remix),11,2019-07-22,Angerfist
the satan,7.62962962962963,screwface [mixed] - the satan remix,9,2019-07-22,Al Twisted
audiofreq,9.919354838709678,street fighter - audiofreq remix,28,2019-04-15,Angerfist
the satan,7.62962962962963,send me to hell - the satan remix,29,2019-04-15,Angerfist
detest,4.263888888888889,right through your head - detest remix,19,2019-04-15,Angerfist
the satan,7.62962962962963,send me to hell - the satan remix continuous mix,15,2018-11-23,Angerfist
radical redemption,14.367088607594937,the desecrated - radical redemption remix continuous mix,10,2018-11-23,Angerfist
d-fence,22.26086956521739,pussy motherfuckerz - d-fence remix continuous mix,11,2018-11-23,Endymion
sefa,29.346153846153847,release the kraken - sefa remix continuous mix,13,2018-11-23,Destructive Tendencies
the braindrillerz,10,the driller killer - the braindrillerz remix,22,2017-12-02,Angerfist
broken minds,15.153846153846153,f@cking wit yo head - broken minds remix,22,2017-12-02,Angerfist
luxxer,0,buckle up & kill - luxxer remix,19,2017-12-02,Angerfist
thorax,10.5,conspiracy - thorax remix radio edit,17,2015-11-30,Angerfist
the outside agency,4.465116279069767,perfect fury - the outside agency remix radio edit,11,2015-11-30,Angerfist
tha playah,8.325,gas met die zooi - tha playah remix,22,2015-11-30,Angerfist
drokz,5.276923076923077,yes - drokz remix,13,2015-11-30,Angerfist
tha playah,8.325,temple of disease (tha playah remix),0,2014-12-19,Angerfist
hardbouncer,0.3333333333333333,vato (hardbouncer remix),0,2014-12-19,Angerfist
n-vitral,8,necroslave (n-vitral remix),0,2014-12-19,Angerfist
partyraiser,24.285714285714285,fresh with the gargle (partyraiser remix),0,2014-12-19,Angerfist
andy the core,9.538461538461538,chaos & evil (andy the core remix),0,2014-12-19,Angerfist
tripped,1.951219512195122,deathmask (tripped remix),0,2014-12-19,Angerfist
tha playah,8.325,temple of disease - tha playah remix,24,2014-11-14,Angerfist
hardbouncer,0.3333333333333333,vato - hardbouncer remix,13,2014-11-14,Angerfist
n-vitral,8,necroslave - n-vitral remix,14,2014-11-14,Angerfist
partyraiser,24.285714285714285,fresh with the gargle - partyraiser remix,11,2014-11-14,Angerfist
andy the core,9.538461538461538,chaos & evil - andy the core remix,9,2014-11-14,Angerfist
tripped,1.951219512195122,deathmask - tripped remix,19,2014-11-14,Angerfist
dyprax,12.88888888888889,bite yo style - dyprax remix,15,2012-01-06,Angerfist
angerfist,19.504504504504503,how soon we forget - angerfist remix,16,2012-01-06,T-Junction
akira,4,my critic fetish - akira remix,6,2012-01-06,Angerfist
nosferatu,11.03921568627451,in a million years - nosferatu remix,12,2012-01-06,Angerfist
accelarator,10,no fucking anticipation - accelarator remix,9,2012-01-06,Angerfist
dj mad dog,17.910714285714285,broken chain - dj mad dog remix,10,2008-03-29,Angerfist
akira,4,killerfist - akira remix,7,2006-03-25,Angerfist
radical redemption,14.367088607594937,cannibal - radical redemption remix,46,2022-09-19,Angerfist
angerfist,19.504504504504503,the ripper - angerfist remix,24,2021-11-12,Hellfish
tears of fury,9.692307692307692,who still cares? - tears of fury remix,25,2020-10-23,Angerfist
odium,25.7,repercussion - odium remix,27,2020-10-23,Angerfist
tha playah,8.325,santiago - tha playah remix,34,2020-05-08,Angerfist
deadly guns,19.833333333333332,bad attitude - deadly guns remix,36,2020-01-27,Angerfist
broken minds,15.153846153846153,lyra - broken minds remix,53,2020-01-27,Korsakoff
blaster,6.466666666666667,asskicked - blaster remix,28,2020-01-27,Re-Style
radical redemption,14.367088607594937,the desecrated - radical redemption remix,17,2018-10-12,Angerfist
katharsys,3.2857142857142856,grid based - katharsys remix,3,2022-06-03,DJ Hidden
limewax,1.2857142857142858,mind prison remix - limewax remix,3,2022-06-03,DJ Hidden
the satan,7.62962962962963,life blocker (the satan remix) - radio edit,9,2022-07-16,DJ Hidden
ophidian,7.661016949152542,chosen - ophidian remix,10,2022-06-03,DJ Hidden
the satan,7.62962962962963,life blocker - the satan remix,5,2022-06-03,DJ Hidden
limewax,1.2857142857142858,mind prison remix - limewax remix,3,2022-06-03,DJ Hidden
the outside agency,4.465116279069767,the raw universe - the outside agency remix,4,2022-06-03,DJ Hidden
dj hidden,1.3333333333333333,machines of our disgrace - dj hidden remix,0,2018-05-31,Circle of Dust
dj hidden,1.3333333333333333,machines of our disgrace (dj hidden remix) - instrumental,0,2018-05-31,Circle of Dust
cooh,0.34375,void - cooh remix,0,2021-07-16,Blockdata
cooh,0.34375,ryse & shiiine - cooh remix,3,2016-11-07,The Panacea
counterstrike,0.7857142857142857,misbit - counterstrike remix,2,2016-11-07,Cooh
cooh,0.34375,can't hide - cooh remix,1,2016-11-07,Limewax
counterstrike,0.7857142857142857,teroma - counterstrike remix,2,2016-10-10,Cooh
the outside agency,4.465116279069767,crowd surfer - the outside agency remix,3,2013-05-13,Counterstrike
cooh,0.34375,the flow - cooh remix,0,2011-02-21,Itzokor
cooh,0.34375,running - cooh remix,1,2009-03-15,Current Value
tha playah,8.325,blood - tha playah remix,7,2012-10-22,Hellsystem
tieum,0.359375,make it quick - tieum remix,1,2012-10-22,Hellsystem
angerfist,19.504504504504503,shut up & die - angerfist remix,17,2012-10-22,Hellsystem
lowroller,0.6341463414634146,monster - lowroller remix,1,2014-01-07,Hellsystem
sei2ure,0.9726027397260274,critical beatdown - sei2ure remix,3,2019-07-26,Negative A
blaster,6.466666666666667,spellbound - blaster remix,0,2019-07-26,Negative A
audiofreq,9.919354838709678,street fighter [mixed] - audiofreq remix,15,2019-07-22,Angerfist
the satan,7.62962962962963,send me to hell [mixed] - the satan remix),11,2019-07-22,Angerfist
the satan,7.62962962962963,screwface [mixed] - the satan remix,9,2019-07-22,Al Twisted
akira,4,the fallen - akira remix,0,2015-03-09,Negative A
lowroller,0.6341463414634146,spiteful - lowroller remix,0,2013-03-01,Negative A
negative a,0.21212121212121213,fuck what u heard - negative a remix,19,2018-04-13,Outblast
lowroller,0.6341463414634146,spiteful - lowroller remix,0,2012-02-25,Negative A
ncrypta,11.375,activation - ncrypta remix,8,2019-03-18,Royal S
ncrypta,11.375,the night - ncrypta remix,15,2019-03-18,Chemical Soldiers
ncrypta,11.375,storm is coming (ncrypta remix) - supremacy edit,17,2022-03-04,Gunz For Hire
ncrypta,11.375,a storm is coming - ncrypta remix,24,2020-01-24,Gunz For Hire
ncrypta,11.375,brain confusion - ncrypta remix,26,2019-01-15,Act of Rage
streiks & kratchs,10.5,death row - streiks & kratchs remix,1,2020-04-03,X-Pander
ncrypta,11.375,don't fall asleep - ncrypta remix,0,2018-06-14,X-Pander
ncrypta,11.375,don't fall asleep - ncrypta remix (radio edit),8,2018-06-14,X-Pander
krowdexx,15.28125,dope beat - krowdexx remix,0,2018-06-14,X-Pander
krowdexx,15.28125,dope beat - krowdexx remix (radio edit),4,2018-06-14,X-Pander
rebelion,24.63888888888889,die gladiator - rebelion remix,51,2020-12-21,Endymion
rebelion,24.63888888888889,dark universe - rebelion remix,12,2018-03-28,Adaro
e-force,16.58823529411765,echoes - e-force remix,15,2018-03-28,Rebelion
rebelion,24.63888888888889,you with me - rebelion remix,8,2018-03-28,Radical Redemption
rebelion,24.63888888888889,beyond aggression - rebelion remix,11,2018-03-28,Warface
rebelion,24.63888888888889,rawness - rebelion remix,8,2018-03-28,E-Force
delete,11.422222222222222,salvation - delete remix,18,2018-03-28,Rebelion
n-vitral,8,a-bomb - n-vitral remix,15,2018-03-28,Rebelion
unresolved,14.027777777777779,we won't die - unresolved remix,9,2016-10-31,Rebelion
rebelion,24.63888888888889,be the baddest - rebelion remix,13,2016-10-31,Luminite
d-sturb,36.857142857142854,rawfare - d-sturb remix,11,2016-10-17,Rebelion
rebelion,24.63888888888889,basstrain - rebelion remix,40,2022-10-06,Sub Zero Project
rebelion,24.63888888888889,armed & dangerous - rebelion remix,32,2021-11-04,Gunz For Hire
vertile,37.45454545454545,echoes - vertile remix,36,2021-05-31,Rebelion
riot shift,20.714285714285715,lockdown - riot shift remix,34,2020-03-06,Rebelion
krowdexx,15.28125,my mind - krowdexx remix,18,2020-03-03,Rebelion
d-passion,1,the signal 2007 - d-passion remix,1,2008-03-31,The DJ Producer
andy the core,9.538461538461538,personal demon - andy the core remix,9,2018-04-27,The Melodyst
vein,0.25806451612903225,killing time - vein remix,0,2022-06-21,Frenesys
strobcore,0,no brain required - strobcore remix,0,2011-07-03,Radium
radium,3.088888888888889,somebody (radium remix),18,2020-08-19,JKLL
psiko,1,how dare u (psiko remix),5,2020-06-16,Radium
jkll,3,dyslexic - jkll remix,15,2020-05-01,Radium
radium,3.088888888888889,u freaky - radium remix,0,2016-03-07,Radium
pattern j,2,kickass - pattern j remix,0,2016-03-07,Radium
vazard,10,proximity to extinction - vazard remix,13,2018-12-20,Delete
chris one,8,syndrome - chris one remix,11,2018-12-20,Delete
vazard,10,proximity to extinction - vazard remix - radio edit,1,2019-03-17,Delete
chris one,8,syndrome - chris one remix - radio edit,1,2019-03-17,Delete
warface,5,ghetto - warface remix,7,2016-08-10,Delete
rooler,21.741935483870968,the infamous - rooler remix,21,2019-10-18,Act of Rage
e-force,16.58823529411765,confronting reality - e-force remix,12,2017-12-16,Act of Rage
crypsis,8.386363636363637,the rush - crypsis remix,11,2017-12-16,Act of Rage
e-force,16.58823529411765,confronting reality (e-force remix) - live,9,2017-11-22,Act of Rage
act of rage,18.166666666666668,furious (act of rage remix/criminal mash-up) - live,18,2017-11-22,Crypsis
act of rage,18.166666666666668,ik ben kachel - act of rage remix,44,2022-11-11,OBZ
act of rage,18.166666666666668,ik ben kachel - act of rage remix extended mix,21,2022-11-11,OBZ
ncrypta,11.375,brain confusion - ncrypta remix,26,2019-01-15,Act of Rage
zerberuz,0.3157894736842105,tornado (zerberuz remix),23,2021-10-15,D-Ceptor
edub,2.375,stuka - edub remix,2,2021-03-26,eDUB
advanced dealer,1.6666666666666667,the flow - advanced dealer remix - edit,2,2014-02-27,Dj Mad Dog
wild motherfuckers,2.6666666666666665,thrillseeka - wild motherfuckers remix - edit,7,2017-02-16,The Stunned Guys
amnesys,6.809523809523809,hymn - amnesys remix,4,2008-06-13,The Stunned Guys
dj mad dog,17.910714285714285,thrillseeka - dj mad dog remix,3,2004-09-29,The Stunned Guys
d-block & s-te-fan,10,blame it on the music - d-block & s-te-fan remix,7,2018-08-08,Headhunterz
headhunterz,19.266666666666666,her voice - headhunterz remix edit,20,2018-08-08,Headhunterz
noisecontrollers,7,forever az one - noisecontrollers remix,3,2018-08-08,Headhunterz
dyro,5,welcome [mix cut] - dyro remix,7,2014-11-21,Bali Bandits
crypsis,8.386363636363637,anger [mix cut] - crypsis remix,4,2014-11-21,D-Block & S-te-Fan
dyro,5,welcome - dyro remix,0,2014-11-21,Bali Bandits
dyro,5,welcome - dyro remix,0,2014-11-14,Bali Bandits
crypsis,8.386363636363637,anger - crypsis remix edit,3,2014-11-14,D-Block & S-te-Fan
headhunterz,19.266666666666666,make it loud - headhunterz remix,20,2011-10-11,Blutonium Boy
b-front,6,loudness - b-front remix,7,2011-10-11,Max Enforcer
headhunterz,19.266666666666666,it's what we are [mix cut] - headhunterz remix,31,2011,Geck-O
alpha²,1,tonight [mix cut] - alpha² remix,13,2011,Headhunterz
headhunterz,19.266666666666666,we are possesed [mix cut] - headhunterz remix,10,2011,Brennan Heart
headhunterz,19.266666666666666,rate reducer - headhunterz remix,3,2010-02-20,Project One
wildstylez,18,venom - wildstylez remix,3,2010-02-20,Noisecontrollers
hardstyle masterz,2,a feeling - hardstyle masterz remix,2,2010-02-20,The Raiders
brennan heart,0,the sacrifice - brennan heart remix,3,2010-02-20,Headhunterz
headhunterz,19.266666666666666,twilight zone - headhunterz remix,32,2021-11-30,D-Block & S-te-Fan
headhunterz,19.266666666666666,take it all - headhunterz remix,45,2021-11-11,Sound Rush
noisecontrollers,7,radiance - noisecontrollers remix,24,2021-11-11,Bass Modulators
headhunterz,19.266666666666666,paper thin - headhunterz remix,53,2020-11-30,ILLENIUM
headhunterz,19.266666666666666,children of drums - headhunterz remix,42,2020-07-02,Wildstylez
max enforcer,1,the sacrifice (max enforcer remix),31,2018-08-02,Headhunterz
sub zero project,0,doomed (sub zero project remix),24,2018-08-02,Headhunterz
tha playah,8.325,the future - tha playah remix radio edit,0,2015-12-28,Dyprax
tha playah,8.325,the future - tha playah remix,2,2015-12-28,Dyprax
gancher & ruin,5.392857142857143,harder than me - gancher & ruin remix,15,2022-12-23,KDDK
gancher & ruin,5.392857142857143,harder than me (gancher & ruin remix),25,2022-12-23,KDDK
gancher & ruin,5.392857142857143,abyss - gancher & ruin remix,30,2020-10-23,3FORCE
gancher & ruin,5.392857142857143,abyss (gancher & ruin remix) - instrumental,13,2020-10-23,3FORCE
the clamps,3.6363636363636362,psycho circus - the clamps remix,1,2017-04-24,Damage Inc.
gancher & ruin,5.392857142857143,planet cybertron (gancher & ruin remix) - original mix,0,2014-10-06,The Panacea
gancher & ruin,5.392857142857143,connect the cuts - gancher & ruin remix,0,2013-12-16,Damage Inc.
tha playah,8.325,ride on our enemies - tha playah remix,16,2019-08-23,Radical Redemption
nosferatu,11.03921568627451,walking the line - nosferatu remix,16,2019-08-23,Tha Playah
ncrypta,11.375,snitcher! - ncrypta remix,18,2019-08-23,Tha Playah
nosferatu,11.03921568627451,still nr. 1 - nosferatu remix,36,2019-08-23,Tha Playah
n-vitral,8,my misery - n-vitral remix,17,2019-08-23,Tha Playah
restrained,10.083333333333334,enemigo del estado - restrained remix edit,0,2016-12-16,Nosferatu
art of fighters,8.127659574468085,il clitoride - art of fighters remix edit,0,2016-12-16,The Sickest Squad
art of fighters,8.127659574468085,bass for your face - art of fighters remix edit,0,2016-12-16,Anime
art of fighters,8.127659574468085,the rule of cool - art of fighters remix,7,2009-04-01,Tha Playah
angerfist,19.504504504504503,mastah of shock - angerfist remix,12,2009-04-01,Tha Playah
neophyte & evil activities,7.5,weird clit - neophyte & evil activities remix,2,2006-02-17,Tha Playah
chaos project,16,"dicks, pussy’s and assholes - chaos project remix",9,2020-10-08,Tha Playah
tha playah,8.325,santiago - tha playah remix,34,2020-05-08,Angerfist
angerfist,19.504504504504503,why so serious? - angerfist remix,28,2017-07-27,Tha Playah
furyan,11.185185185185185,if you want it like that - furyan remix,2,2016-02-25,Tha Playah
tha playah,8.325,flip uhm op z’n kantje - tha playah remix,3,2015-10-01,Titan
hellsystem,3.8275862068965516,always right - hellsystem remix,3,2012-08-15,Tha Playah
neophyte & evil activities,7.5,weird clit - neophyte & evil activities remix,2,2011-12-05,Tha Playah
hallucinator,4.153846153846154,demons - hallucinator remix,4,2020-07-15,3RDKND
deathmachine,1.4655172413793103,the fix - deathmachine remix,1,2020-07-15,3RDKND
the satan,7.62962962962963,demons - the satan remix,3,2020-07-15,3RDKND
audio,7,the artifact - audio remix,2,2018-11-09,3RDKND
da tweekaz,24.727272727272727,we go up (da tweekaz remix),0,2018-12-21,LNY TNZ
destructive tendencies,5.45,wodka (destructive tendencies remix),27,2018-12-21,Da Tweekaz
da tweekaz,24.727272727272727,luv u more (da tweekaz remix),23,2016-12-30,Paul Elstak
da tweekaz,24.727272727272727,the world needs to hear - da tweekaz remix,10,2012-10-08,Demoniak
wasted penguinz,18,become - wasted penguinz remix,17,2012-10-08,Da Tweekaz
da tweekaz,24.727272727272727,invisible friend (feat. sarah de warren) - da tweekaz remix,33,2022-06-03,LIZOT
da tweekaz,24.727272727272727,horizon - da tweekaz remix,46,2021-12-10,Andrew Rayel
da tweekaz,24.727272727272727,pum pum - da tweekaz remix,37,2021-05-28,Showtek
switch technique,0.34444444444444444,the plague - switch technique remix,0,2015-11-23,Synthakt
switch technique,0.34444444444444444,dynamo - switch technique remix,0,2015-11-23,Dolphin
switch technique,0.34444444444444444,prey - switch technique remix,0,2012-01-09,Zubcore
switch technique,0.34444444444444444,conspiracy - switch technique remix,0,2017-04-03,Robyn Chaos
counterstrike,0.7857142857142857,come at me bro - counterstrike remix,5,2019-04-26,Sinister Souls
sinister souls,2.4210526315789473,grrrrr - sinister souls remix,4,2021-10-22,Zombie Cats
sinister souls,2.4210526315789473,mehanika - sinister souls remix,4,2020-05-10,Ogonek
switch technique,0.34444444444444444,crystal math - switch technique remix,2,2019-07-30,Sinister Souls
the carnage corps,0.125,prototypes soldier - the carnage corps remix,0,2022-02-27,Berzärk
zerberuz,0.3157894736842105,prototypes soldier - zerberuz remix,0,2022-02-27,Berzärk
iridium,0.8269230769230769,prototypes soldier - iridium remix,0,2022-02-27,Berzärk
berzärk,0.06666666666666667,purge that - berzärk remix,0,2018-07-03,Iridium
the clamps,3.6363636363636362,run & hide - the clamps remix,0,2021-11-08,Hysta
int company,1,xtreme - int company remix,1,2020-06-01,Volatile Cycle
the clamps,3.6363636363636362,multitude - the clamps remix,11,2019-03-15,Mean Teeth
the clamps,3.6363636363636362,psycho circus - the clamps remix,1,2017-04-24,Damage Inc.
counterstrike,0.7857142857142857,strains - counterstrike remix,1,2017-04-14,The Clamps
tieum,0.359375,krakaka - tieum remix,2,2016-11-03,D-Fence
tieum,0.359375,54321 - tieum remix,1,2016-11-03,Radium
tieum,0.359375,impconscious - tieum remix,0,2016-06-13,Cobra
tieum,0.359375,impconscious - tieum remix - edit,0,2016-06-13,Cobra
thyron,9.435897435897436,dangerous - thyron remix,40,2021-08-20,Cascada
regain,11.717391304347826,machinegun - regain remix,15,2020-01-29,Neroz
ressurectz,10.736842105263158,sacrifice - ressurectz remix,21,2022-02-28,Neroz
nosferatu,11.03921568627451,icebreaker - nosferatu remix,31,2022-07-08,Miss K8
ophidian,7.661016949152542,liquid8 - ophidian remix radio edit,19,2016-04-18,Miss K8
destructive tendencies,5.45,bloodrush - destructive tendencies remix radio edit,31,2016-04-18,Miss K8
furyan,11.185185185185185,breathless - furyan remix radio edit,14,2016-04-18,Miss K8
unexist,5.5625,no more jokes - unexist remix radio edit,14,2016-04-18,Miss K8
tha playah,8.325,santiago - tha playah remix,34,2020-05-08,Angerfist
the satan,7.62962962962963,battlefield - the satan remix,23,2019-11-18,Miss K8
n-vitral,8,the poison - n-vitral remix,25,2019-01-23,Miss K8
e-force,16.58823529411765,ftp - e-force remix radio edit,3,2017-04-21,Warface
tha playah,8.325,men of steel - tha playah remix radio edit,0,2017-04-21,E-Force
e-force,16.58823529411765,ftp - e-force remix,18,2017-04-18,Warface
tha playah,8.325,men of steel - tha playah remix,6,2017-04-18,E-Force
tha playah,8.325,men of steel - tha playah remix radio edit,0,2017-04-18,E-Force
kronos,1,my god - kronos remix,19,2020-07-22,E-Force
the clamps,3.6363636363636362,street justice - the clamps remix,6,2017-11-15,Forbidden Society
donny,0.5757575757575758,bwm - donny remix,1,2017-11-15,Forbidden Society
counterstrike,0.7857142857142857,sellout - counterstrike remix,1,2017-11-15,Forbidden Society
hallucinator,4.153846153846154,nyc punk - hallucinator remix,13,2017-11-15,Forbidden Society
katharsys,3.2857142857142856,skullcrawler - katharsys remix,1,2017-11-15,Forbidden Society
forbidden society,1.448,choosing for you - forbidden society remix,15,2022-10-14,I Am Legion
forbidden society,1.448,exodus - forbidden society remix,6,2022-07-22,Forbidden Society
fragz,1.037037037037037,street justice - fragz remix,0,2019-04-12,Forbidden Society
deathmachine,1.4655172413793103,skullcrawler - deathmachine remix,0,2019-04-12,Forbidden Society
forbidden society,1.448,the last tone (raise vip) - forbidden society remix,0,2017-09-15,Forbidden Society
forbidden society,1.448,no end for the darkness - forbidden society remix,1,2017-04-28,Katharsys
counterstrike,0.7857142857142857,can't be soft - counterstrike remix,0,2014-08-18,Forbidden Society
donny,0.5757575757575758,heavy metal tank - donny remix,1,2014-06-30,Forbidden Society
katharsys,3.2857142857142856,cobra - katharsys remix,13,2013-10-25,Forbidden Society
hallucinator,4.153846153846154,set it off - hallucinator remix,1,2013-10-25,Forbidden Society
sinister souls,2.4210526315789473,hard vip - sinister souls remix,1,2013-10-25,Forbidden Society
the clamps,3.6363636363636362,onset - the clamps remix,0,2013-10-25,Forbidden Society
pornothrasher,0,hurtlocker - pornothrasher remix,0,2013-01-28,Forbidden Society
gancher & ruin,5.392857142857143,destroy the icon - gancher & ruin remix,1,2012-07-16,Forbidden Society
counterstrike,0.7857142857142857,can't be soft - counterstrike remix,0,2011-10-05,Forbidden Society
forbidden society,1.448,the chain - forbidden society remix,0,2011-10-05,Katharsys
current value,4.021621621621621,destiny eden - current value remix,0,2011-08-08,Forbidden Society
rebelion,24.63888888888889,gladiator - rebelion remix continuous mix,8,2018-10-01,Endymion
radical redemption,14.367088607594937,high power - radical redemption remix,45,2022-12-22,D-Sturb
vertile,37.45454545454545,party at my place - vertile remix,38,2021-12-17,D-Sturb
d-sturb,36.857142857142854,sound of thunder - d-sturb remix,34,2019-09-19,D-Block & S-te-Fan
fraw,24.25,victim of society - fraw remix,15,2021-06-07,Krowdexx
krowdexx,15.28125,my mind - krowdexx remix,18,2020-03-03,Rebelion
krowdexx,15.28125,#rfg (krowdexx remix),5,2017-07-14,Fanatics
katharsys,3.2857142857142856,sabotage (katharsys remix),1,2022-08-19,Savage
miss k8,24.583333333333332,bass journey - miss k8 remix,33,2021-10-08,Furyan
furyan,11.185185185185185,not my tempo - furyan remix,29,2022-07-15,Dj Mad Dog
furyan,11.185185185185185,under control - furyan remix,13,2019-06-11,Masters of Ceremony
the beatkrusher,1,murder - the beatkrusher remix,2,2017-04-06,Furyan
freqax,1.3333333333333333,the bastard executioner - freqax remix,0,2016-10-31,BRAINPAIN
brainpain,0.030612244897959183,lifes a bitch - brainpain remix,0,2011-06-20,CRIMES
brainpain,0.030612244897959183,lifes a bitch - brainpain remix,0,2011-06-20,Crimes
furyan,11.185185185185185,breathless - furyan remix,0,2017-08-25,Miss K8
dj mad dog,17.910714285714285,take u back - dj mad dog remix radio edit,5,2017-07-04,Angerfist
dj mad dog,17.910714285714285,attack - dj mad dog remix,10,2017-07-04,Unexist
advanced dealer,1.6666666666666667,the flow - advanced dealer remix,5,2013-11-16,Dj Mad Dog
furyan,11.185185185185185,not my tempo - furyan remix,29,2022-07-15,Dj Mad Dog
xcite,7,rewind #tih - xcite remix - remix,0,2014-09-10,Dj Mad Dog
andy the core,9.538461538461538,rewind #tih - andy the core remix - remix,1,2014-09-10,Dj Mad Dog
xcite,7,rewind #tih - xcite remix (edit) - remix,2,2014-09-10,Dj Mad Dog
andy the core,9.538461538461538,rewind #tih - andy the core remix (edit) - remix,2,2014-09-10,Dj Mad Dog
n3ar,9,a night of madness - n3ar remix,1,2013-04-02,Dj Mad Dog
the outside agency,4.465116279069767,witch hunt - the outside agency remix,2,2016-09-23,Detest
deathmachine,1.4655172413793103,the hunter - deathmachine remix,7,2022-10-07,Detest
detest,4.263888888888889,seduction scale - detest remix,2,2021-10-11,The Clamps
hallucinator,4.153846153846154,midnight motherfucker - hallucinator remix,1,2020-10-28,Detest
dolphin,3.3333333333333335,not far - dolphin remix,1,2020-10-28,Detest
penta,0.9333333333333333,you cant break me - penta remix,2,2020-10-28,Detest
anderex,20.642857142857142,oblivion - anderex remix,20,2021-02-08,Riot Shift
yunke,9.9,engage - yunke remix,0,2018-12-07,Tim Shopp
wicked minds,3,love lasts forever - wicked minds remix,4,2019-08-08,Molella
vertile,37.45454545454545,party at my place - vertile remix,38,2021-12-17,D-Sturb
vertile,37.45454545454545,echoes - vertile remix,36,2021-05-31,Rebelion
vertile,37.45454545454545,flame up high - vertile remix,38,2020-01-17,Adaro
vertile,37.45454545454545,raging in the dancehall - vertile remix,32,2019-12-06,Endymion
streiks & kratchs,10.5,speakers - streiks & kratchs remix,3,2019-03-18,Unresolved
endymion,5,showtime - endymion remix,2,2012-08-21,Tommyknocker
tha playah,8.325,the prophecy unfolds - tha playah remix,6,2004-05-12,The Viper
t-factor,4,woman - t-factor remix,1,2003-04-22,Tommyknocker
thorax,10.5,nine crimes - thorax remix,1,2012-12-14,Pzyco Beat Project
thorax,10.5,fear - thorax remix,0,2012-12-14,Tensor & Re-Direction
thorax,10.5,alles baba - thorax remix,29,2020-01-23,Die Atzen
sandy warez,0.6521739130434783,don't give a shit - sandy warez remix,0,2014-06-25,The Punisher
x-pander,7.735294117647059,before the end - x-pander remix,0,2019-09-18,The Punisher
meccano twins,3.5277777777777777,give me - meccano twins remix,0,2016-02-09,The Punisher
meccano twins,3.5277777777777777,give me - meccano twins remix - edit,7,2016-02-09,The Punisher
hardbouncer,0.3333333333333333,bullshit - hardbouncer remix,0,2014-09-05,The Punisher
the machine,6,bring you the pain - the machine remix,13,2020-11-26,Adaro
the machine,6,music of the mind - the machine remix,12,2020-11-17,Envine
the machine,6,natural born killers - the machine remix,3,2014-08-06,Adaro
f. noize,11.857142857142858,bam bam - f. noize remix,26,2022-05-26,Anime
tears of fury,9.692307692307692,playing terror - tears of fury remix,28,2022-05-26,Anime
d-ceptor,15.80952380952381,mechanical - d-ceptor remix,30,2021-04-15,Tears Of Fury
anderex,20.642857142857142,oblivion - anderex remix,20,2021-02-08,Riot Shift
riot shift,20.714285714285715,lockdown - riot shift remix,34,2020-03-06,Rebelion
re-style,19.625,fairytales (re-style remix),32,2022-03-18,2 Brothers On The 4th Floor
adaro,11.857142857142858,wildfire - adaro remix,35,2020-07-24,Re-Style
deadly guns,19.833333333333332,bad attitude - deadly guns remix,36,2020-01-27,Angerfist
broken minds,15.153846153846153,lyra - broken minds remix,53,2020-01-27,Korsakoff
blaster,6.466666666666667,asskicked - blaster remix,28,2020-01-27,Re-Style
re-style,19.625,never alone - re-style remix,36,2019-02-22,2 Brothers On The 4th Floor
neox,3,angel of death - neox remix,0,2021-09-24,USU
broken minds,15.153846153846153,some demons - broken minds remix,1,2016-12-16,Neox
n-vitral,8,hardcore to the bone - n-vitral remix,1,2018-11-23,Masters of Ceremony
n-vitral,8,prednison attack - n-vitral remix,19,2016-06-27,Project Omeaga
n-vitral,8,hardcore to da bone - n-vitral remix,22,2018-07-27,Masters of Ceremony
luminite,6,crispy bassdrum - luminite remix,9,2018-03-26,N-Vitral
tha playah,8.325,bassface - tha playah remix,6,2016-10-31,N-Vitral
deathmachine,1.4655172413793103,such kick - deathmachine remix,1,2016-10-31,N-Vitral
wavolizer,0.75,chaos - wavolizer remix,0,2016-10-31,N-Vitral
limewax,1.2857142857142858,mind prison remix - limewax remix,3,2022-06-03,DJ Hidden
the outside agency,4.465116279069767,agent orange - the outside agency remix,2,2021-08-20,Limewax
current value,4.021621621621621,one of them - current value remix,2,2008-11-24,Limewax
audio,7,onkey - audio remix,1,2008-11-24,Limewax
katharsys,3.2857142857142856,security breach - katharsys remix,4,2017-02-13,Ruin
katharsys,3.2857142857142856,ten tonne hammer - katharsys remix,4,2017-02-13,Donny
the outside agency,4.465116279069767,ghost - the outside agency remix,3,2018-04-09,Katharsys
katharsys,3.2857142857142856,matrix - katharsys remix,2,2012-05-07,C.A.2K
katharsys,3.2857142857142856,hellbringers - katharsys remix,1,2012-02-20,Future Signal
katharsys,3.2857142857142856,the watchers - katharsys remix,1,2011-11-19,Donny
counterstrike,0.7857142857142857,can't be soft - counterstrike remix,0,2011-10-05,Forbidden Society
forbidden society,1.448,the chain - forbidden society remix,0,2011-10-05,Katharsys
deterrent man,23,atrocity - deterrent man remix,0,2021-08-26,Hardbouncer
tripped,1.951219512195122,chaos - tripped remix,1,2021-08-12,Hardbouncer
streiks & kratchs,10.5,the wild west - streiks & kratchs remix,1,2020-05-22,Hardbouncer
restrained,10.083333333333334,this one is for you [mixed] - restrained remix,10,2019-05-24,Neophyte
f. noize,11.857142857142858,raveworld [mixed] - f. noize remix,21,2019-05-24,Rotterdam Terror Corps
the satan,7.62962962962963,send me to hell - the satan remix continuous mix,15,2018-11-23,Angerfist
radical redemption,14.367088607594937,the desecrated - radical redemption remix continuous mix,10,2018-11-23,Angerfist
d-fence,22.26086956521739,pussy motherfuckerz - d-fence remix continuous mix,11,2018-11-23,Endymion
sefa,29.346153846153847,release the kraken - sefa remix continuous mix,13,2018-11-23,Destructive Tendencies
f. noize,11.857142857142858,bam bam - f. noize remix,26,2022-05-26,Anime
tears of fury,9.692307692307692,playing terror - tears of fury remix,28,2022-05-26,Anime
f. noize,11.857142857142858,fuck them all - f. noize remix,11,2022-04-11,Bass-D
chaos project,16,lord of the underground - chaos project remix,2,2020-05-15,F. Noize
sefa,29.346153846153847,monster - sefa remix,41,2018-08-03,Partyraiser
access one,14.6875,lord of the underground - access one remix,0,2016-12-18,F. Noize
d-fence,22.26086956521739,vol gas met die bas - d-fence remix,19,2018-11-09,D-Fence
d-fence,22.26086956521739,so druff - d-fence remix,41,2022-12-16,KNTRLVRLST
d-fence,22.26086956521739,lost in dreams (q-base 2017 warehouse soundtrack) - d-fence remix - edit,19,2017-09-11,Mike NRG
d-fence,22.26086956521739,lost in dreams (q-base 2017 warehouse soundtrack) - d-fence remix - pro mix,3,2017-09-11,Mike NRG
current value,4.021621621621621,into dust - current value remix,5,2022-07-22,Current Value
current value,4.021621621621621,on fire - current value remix,10,2022-06-03,Redpill
current value,4.021621621621621,mutation - current value remix,5,2021-10-08,Zombie Cats
current value,4.021621621621621,love is gone - current value remix,11,2019-10-04,SLANDER
current value,4.021621621621621,timeless - current value remix,0,2018-08-05,Maztek
